,順位,アウェイ,年度,節数
0,1,長崎,2017,第1
1,2,名古屋,2017,第1
2,3,山形,2017,第1
3,3,熊本,2017,第1
4,3,大分,2017,第1
5,6,千葉,2017,第1
6,6,横浜FC,2017,第1
7,6,湘南,2017,第1
8,6,徳島,2017,第1
9,6,愛媛,2017,第1
10,11,岐阜,2017,第1
11,11,山口,2017,第1
12,13,京都,2017,第1
13,13,讃岐,2017,第1
14,13,福岡,2017,第1
15,16,水戸,2017,第1
16,16,東京Ｖ,2017,第1
17,16,町田,2017,第1
18,16,松本,2017,第1
19,16,金沢,2017,第1
20,21,岡山,2017,第1
21,22,群馬,2017,第1
22,1,湘南,2017,第2
23,2,長崎,2017,第2
24,3,名古屋,2017,第2
25,4,山形,2017,第2
26,4,熊本,2017,第2
27,6,千葉,2017,第2
28,6,横浜FC,2017,第2
29,8,愛媛,2017,第2
30,9,水戸,2017,第2
31,10,福岡,2017,第2
32,11,京都,2017,第2
33,11,大分,2017,第2
34,13,東京Ｖ,2017,第2
35,13,徳島,2017,第2
36,15,岐阜,2017,第2
37,16,山口,2017,第2
38,16,讃岐,2017,第2
39,18,町田,2017,第2
40,19,松本,2017,第2
41,20,岡山,2017,第2
42,21,金沢,2017,第2
43,22,群馬,2017,第2
44,1,千葉,2017,第3
45,1,湘南,2017,第3
46,3,横浜FC,2017,第3
47,4,東京Ｖ,2017,第3
48,5,徳島,2017,第3
49,5,大分,2017,第3
50,7,福岡,2017,第3
51,8,山形,2017,第3
52,8,熊本,2017,第3
53,10,愛媛,2017,第3
54,11,長崎,2017,第3
55,12,名古屋,2017,第3
56,13,松本,2017,第3
57,14,水戸,2017,第3
58,15,京都,2017,第3
59,16,讃岐,2017,第3
60,17,町田,2017,第3
61,17,岐阜,2017,第3
62,19,岡山,2017,第3
63,20,山口,2017,第3
64,21,金沢,2017,第3
65,22,群馬,2017,第3
66,1,湘南,2017,第4
67,2,横浜FC,2017,第4
68,3,東京Ｖ,2017,第4
69,4,徳島,2017,第4
70,5,福岡,2017,第4
71,6,長崎,2017,第4
72,7,松本,2017,第4
73,8,千葉,2017,第4
74,8,名古屋,2017,第4
75,10,山形,2017,第4
76,10,大分,2017,第4
77,12,熊本,2017,第4
78,13,町田,2017,第4
79,14,愛媛,2017,第4
80,15,岡山,2017,第4
81,16,讃岐,2017,第4
82,17,水戸,2017,第4
83,18,京都,2017,第4
84,19,岐阜,2017,第4
85,20,山口,2017,第4
86,21,金沢,2017,第4
87,22,群馬,2017,第4
88,1,湘南,2017,第5
89,2,東京Ｖ,2017,第5
90,3,徳島,2017,第5
91,4,長崎,2017,第5
92,5,名古屋,2017,第5
93,5,福岡,2017,第5
94,7,横浜FC,2017,第5
95,8,大分,2017,第5
96,9,岡山,2017,第5
97,10,松本,2017,第5
98,11,山形,2017,第5
99,12,千葉,2017,第5
100,13,町田,2017,第5
101,14,水戸,2017,第5
102,15,熊本,2017,第5
103,16,愛媛,2017,第5
104,17,山口,2017,第5
105,18,讃岐,2017,第5
106,19,京都,2017,第5
107,20,岐阜,2017,第5
108,21,金沢,2017,第5
109,22,群馬,2017,第5
110,1,東京Ｖ,2017,第6
111,2,名古屋,2017,第6
112,3,長崎,2017,第6
113,4,湘南,2017,第6
114,5,徳島,2017,第6
115,6,福岡,2017,第6
116,7,横浜FC,2017,第6
117,8,松本,2017,第6
118,9,大分,2017,第6
119,10,千葉,2017,第6
120,11,岡山,2017,第6
121,12,水戸,2017,第6
122,13,山形,2017,第6
123,14,讃岐,2017,第6
124,15,町田,2017,第6
125,16,愛媛,2017,第6
126,17,岐阜,2017,第6
127,18,金沢,2017,第6
128,18,山口,2017,第6
129,20,熊本,2017,第6
130,21,京都,2017,第6
131,22,群馬,2017,第6
132,1,名古屋,2017,第7
133,2,湘南,2017,第7
134,3,東京Ｖ,2017,第7
135,4,横浜FC,2017,第7
136,5,松本,2017,第7
137,6,長崎,2017,第7
138,7,徳島,2017,第7
139,8,福岡,2017,第7
140,9,大分,2017,第7
141,10,山形,2017,第7
142,11,町田,2017,第7
143,12,愛媛,2017,第7
144,13,千葉,2017,第7
145,14,岐阜,2017,第7
146,15,岡山,2017,第7
147,16,金沢,2017,第7
148,17,水戸,2017,第7
149,18,讃岐,2017,第7
150,19,山口,2017,第7
151,20,熊本,2017,第7
152,21,京都,2017,第7
153,22,群馬,2017,第7
154,1,名古屋,2017,第8
155,2,湘南,2017,第8
156,3,東京Ｖ,2017,第8
157,4,徳島,2017,第8
158,5,横浜FC,2017,第8
159,6,福岡,2017,第8
160,7,松本,2017,第8
161,8,長崎,2017,第8
162,9,大分,2017,第8
163,10,山形,2017,第8
164,11,町田,2017,第8
165,12,千葉,2017,第8
166,13,水戸,2017,第8
167,14,岐阜,2017,第8
168,15,愛媛,2017,第8
169,16,岡山,2017,第8
170,17,熊本,2017,第8
171,18,金沢,2017,第8
172,19,讃岐,2017,第8
173,20,京都,2017,第8
174,21,山口,2017,第8
175,22,群馬,2017,第8
176,1,東京Ｖ,2017,第9
177,2,横浜FC,2017,第9
178,3,名古屋,2017,第9
179,4,徳島,2017,第9
180,5,湘南,2017,第9
181,6,大分,2017,第9
182,7,福岡,2017,第9
183,8,松本,2017,第9
184,9,長崎,2017,第9
185,10,山形,2017,第9
186,11,岐阜,2017,第9
187,12,町田,2017,第9
188,13,愛媛,2017,第9
189,14,岡山,2017,第9
190,15,千葉,2017,第9
191,16,水戸,2017,第9
192,17,熊本,2017,第9
193,18,山口,2017,第9
194,19,京都,2017,第9
195,20,金沢,2017,第9
196,21,讃岐,2017,第9
197,22,群馬,2017,第9
198,1,横浜FC,2017,第10
199,2,名古屋,2017,第10
200,3,湘南,2017,第10
201,4,東京Ｖ,2017,第10
202,5,福岡,2017,第10
203,6,松本,2017,第10
204,7,徳島,2017,第10
205,8,長崎,2017,第10
206,9,大分,2017,第10
207,10,岐阜,2017,第10
208,11,愛媛,2017,第10
209,12,千葉,2017,第10
210,13,水戸,2017,第10
211,14,山形,2017,第10
212,15,町田,2017,第10
213,16,岡山,2017,第10
214,17,京都,2017,第10
215,18,熊本,2017,第10
216,19,山口,2017,第10
217,20,金沢,2017,第10
218,21,讃岐,2017,第10
219,22,群馬,2017,第10
220,1,横浜FC,2017,第11
221,2,湘南,2017,第11
222,3,名古屋,2017,第11
223,4,東京Ｖ,2017,第11
224,5,徳島,2017,第11
225,6,長崎,2017,第11
226,7,松本,2017,第11
227,8,岐阜,2017,第11
228,9,福岡,2017,第11
229,10,大分,2017,第11
230,11,千葉,2017,第11
231,12,町田,2017,第11
232,13,水戸,2017,第11
233,14,愛媛,2017,第11
234,15,山形,2017,第11
235,16,京都,2017,第11
236,17,岡山,2017,第11
237,18,熊本,2017,第11
238,19,山口,2017,第11
239,20,讃岐,2017,第11
240,21,金沢,2017,第11
241,22,群馬,2017,第11
242,1,横浜FC,2017,第12
243,2,湘南,2017,第12
244,3,名古屋,2017,第12
245,4,東京Ｖ,2017,第12
246,5,福岡,2017,第12
247,6,長崎,2017,第12
248,7,徳島,2017,第12
249,8,大分,2017,第12
250,9,松本,2017,第12
251,10,岐阜,2017,第12
252,11,愛媛,2017,第12
253,12,町田,2017,第12
254,13,水戸,2017,第12
255,14,千葉,2017,第12
256,15,京都,2017,第12
257,16,山形,2017,第12
258,17,岡山,2017,第12
259,18,熊本,2017,第12
260,19,金沢,2017,第12
261,20,山口,2017,第12
262,21,讃岐,2017,第12
263,22,群馬,2017,第12
264,1,湘南,2017,第13
265,2,横浜FC,2017,第13
266,3,福岡,2017,第13
267,4,東京Ｖ,2017,第13
268,5,大分,2017,第13
269,6,名古屋,2017,第13
270,7,徳島,2017,第13
271,8,愛媛,2017,第13
272,9,長崎,2017,第13
273,10,松本,2017,第13
274,11,岐阜,2017,第13
275,12,千葉,2017,第13
276,13,町田,2017,第13
277,14,水戸,2017,第13
278,15,京都,2017,第13
279,16,山形,2017,第13
280,17,岡山,2017,第13
281,18,金沢,2017,第13
282,19,熊本,2017,第13
283,20,山口,2017,第13
284,21,讃岐,2017,第13
285,22,群馬,2017,第13
286,1,横浜FC,2017,第14
287,2,福岡,2017,第14
288,3,湘南,2017,第14
289,4,東京Ｖ,2017,第14
290,5,名古屋,2017,第14
291,6,愛媛,2017,第14
292,7,大分,2017,第14
293,8,長崎,2017,第14
294,9,徳島,2017,第14
295,10,松本,2017,第14
296,11,岐阜,2017,第14
297,12,千葉,2017,第14
298,13,山形,2017,第14
299,14,水戸,2017,第14
300,15,町田,2017,第14
301,16,京都,2017,第14
302,17,岡山,2017,第14
303,18,熊本,2017,第14
304,19,金沢,2017,第14
305,20,山口,2017,第14
306,21,讃岐,2017,第14
307,22,群馬,2017,第14
308,1,福岡,2017,第15
309,2,湘南,2017,第15
310,3,横浜FC,2017,第15
311,4,名古屋,2017,第15
312,5,東京Ｖ,2017,第15
313,6,大分,2017,第15
314,7,長崎,2017,第15
315,8,愛媛,2017,第15
316,9,徳島,2017,第15
317,10,山形,2017,第15
318,11,岐阜,2017,第15
319,12,京都,2017,第15
320,13,千葉,2017,第15
321,14,松本,2017,第15
322,15,水戸,2017,第15
323,16,町田,2017,第15
324,17,岡山,2017,第15
325,18,熊本,2017,第15
326,19,金沢,2017,第15
327,20,山口,2017,第15
328,21,群馬,2017,第15
329,22,讃岐,2017,第15
330,1,名古屋,2017,第16
331,2,福岡,2017,第16
332,3,湘南,2017,第16
333,4,横浜FC,2017,第16
334,5,長崎,2017,第16
335,6,東京Ｖ,2017,第16
336,7,大分,2017,第16
337,8,山形,2017,第16
338,9,徳島,2017,第16
339,10,愛媛,2017,第16
340,11,千葉,2017,第16
341,12,松本,2017,第16
342,13,水戸,2017,第16
343,14,岐阜,2017,第16
344,15,町田,2017,第16
345,16,京都,2017,第16
346,17,岡山,2017,第16
347,18,熊本,2017,第16
348,19,金沢,2017,第16
349,20,群馬,2017,第16
350,21,讃岐,2017,第16
351,22,山口,2017,第16
352,1,福岡,2017,第17
353,2,横浜FC,2017,第17
354,3,名古屋,2017,第17
355,4,湘南,2017,第17
356,5,長崎,2017,第17
357,6,東京Ｖ,2017,第17
358,7,徳島,2017,第17
359,8,愛媛,2017,第17
360,9,山形,2017,第17
361,10,水戸,2017,第17
362,11,大分,2017,第17
363,12,京都,2017,第17
364,13,松本,2017,第17
365,14,千葉,2017,第17
366,15,岐阜,2017,第17
367,16,岡山,2017,第17
368,17,町田,2017,第17
369,18,金沢,2017,第17
370,19,熊本,2017,第17
371,20,群馬,2017,第17
372,21,讃岐,2017,第17
373,22,山口,2017,第17
374,1,福岡,2017,第18
375,2,湘南,2017,第18
376,3,横浜FC,2017,第18
377,4,名古屋,2017,第18
378,5,長崎,2017,第18
379,6,東京Ｖ,2017,第18
380,7,愛媛,2017,第18
381,8,山形,2017,第18
382,9,水戸,2017,第18
383,10,徳島,2017,第18
384,11,大分,2017,第18
385,12,京都,2017,第18
386,13,岡山,2017,第18
387,14,千葉,2017,第18
388,15,松本,2017,第18
389,16,岐阜,2017,第18
390,17,町田,2017,第18
391,18,金沢,2017,第18
392,19,熊本,2017,第18
393,20,讃岐,2017,第18
394,21,群馬,2017,第18
395,22,山口,2017,第18
396,1,福岡,2017,第19
397,2,湘南,2017,第19
398,3,横浜FC,2017,第19
399,4,長崎,2017,第19
400,5,山形,2017,第19
401,6,東京Ｖ,2017,第19
402,7,水戸,2017,第19
403,8,名古屋,2017,第19
404,9,愛媛,2017,第19
405,10,徳島,2017,第19
406,11,大分,2017,第19
407,12,松本,2017,第19
408,13,岡山,2017,第19
409,14,京都,2017,第19
410,15,千葉,2017,第19
411,16,岐阜,2017,第19
412,17,町田,2017,第19
413,18,金沢,2017,第19
414,19,熊本,2017,第19
415,20,讃岐,2017,第19
416,21,群馬,2017,第19
417,22,山口,2017,第19
418,1,福岡,2017,第20
419,2,湘南,2017,第20
420,3,東京Ｖ,2017,第20
421,4,水戸,2017,第20
422,5,名古屋,2017,第20
423,6,徳島,2017,第20
424,7,横浜FC,2017,第20
425,8,大分,2017,第20
426,9,長崎,2017,第20
427,10,山形,2017,第20
428,11,愛媛,2017,第20
429,12,松本,2017,第20
430,13,千葉,2017,第20
431,14,岡山,2017,第20
432,15,京都,2017,第20
433,16,岐阜,2017,第20
434,17,町田,2017,第20
435,18,金沢,2017,第20
436,19,熊本,2017,第20
437,20,讃岐,2017,第20
438,21,山口,2017,第20
439,22,群馬,2017,第20
440,1,福岡,2017,第21
441,2,湘南,2017,第21
442,3,徳島,2017,第21
443,4,長崎,2017,第21
444,5,東京Ｖ,2017,第21
445,6,名古屋,2017,第21
446,7,水戸,2017,第21
447,8,横浜FC,2017,第21
448,9,大分,2017,第21
449,10,山形,2017,第21
450,11,愛媛,2017,第21
451,12,松本,2017,第21
452,13,千葉,2017,第21
453,14,岡山,2017,第21
454,15,京都,2017,第21
455,16,町田,2017,第21
456,17,金沢,2017,第21
457,18,岐阜,2017,第21
458,19,熊本,2017,第21
459,20,讃岐,2017,第21
460,21,山口,2017,第21
461,22,群馬,2017,第21
462,1,湘南,2017,第22
463,2,福岡,2017,第22
464,3,徳島,2017,第22
465,4,長崎,2017,第22
466,5,東京Ｖ,2017,第22
467,6,水戸,2017,第22
468,7,名古屋,2017,第22
469,8,松本,2017,第22
470,9,千葉,2017,第22
471,10,大分,2017,第22
472,11,横浜FC,2017,第22
473,12,山形,2017,第22
474,13,愛媛,2017,第22
475,14,岡山,2017,第22
476,15,町田,2017,第22
477,16,京都,2017,第22
478,17,金沢,2017,第22
479,18,岐阜,2017,第22
480,19,熊本,2017,第22
481,20,山口,2017,第22
482,21,讃岐,2017,第22
483,22,群馬,2017,第22
484,1,湘南,2017,第23
485,2,福岡,2017,第23
486,3,長崎,2017,第23
487,4,徳島,2017,第23
488,5,名古屋,2017,第23
489,6,横浜FC,2017,第23
490,7,東京Ｖ,2017,第23
491,8,水戸,2017,第23
492,9,大分,2017,第23
493,10,岡山,2017,第23
494,11,松本,2017,第23
495,12,千葉,2017,第23
496,13,町田,2017,第23
497,14,愛媛,2017,第23
498,15,山形,2017,第23
499,16,京都,2017,第23
500,17,金沢,2017,第23
501,18,岐阜,2017,第23
502,19,熊本,2017,第23
503,20,山口,2017,第23
504,21,讃岐,2017,第23
505,22,群馬,2017,第23
506,1,湘南,2017,第24
507,2,福岡,2017,第24
508,3,徳島,2017,第24
509,4,長崎,2017,第24
510,5,横浜FC,2017,第24
511,6,名古屋,2017,第24
512,7,岡山,2017,第24
513,8,松本,2017,第24
514,9,東京Ｖ,2017,第24
515,10,千葉,2017,第24
516,11,水戸,2017,第24
517,12,町田,2017,第24
518,13,大分,2017,第24
519,14,山形,2017,第24
520,15,京都,2017,第24
521,16,愛媛,2017,第24
522,17,金沢,2017,第24
523,18,岐阜,2017,第24
524,19,熊本,2017,第24
525,20,山口,2017,第24
526,21,讃岐,2017,第24
527,22,群馬,2017,第24
528,1,湘南,2017,第25
529,2,福岡,2017,第25
530,3,徳島,2017,第25
531,4,横浜FC,2017,第25
532,5,長崎,2017,第25
533,6,名古屋,2017,第25
534,7,岡山,2017,第25
535,8,松本,2017,第25
536,9,水戸,2017,第25
537,10,大分,2017,第25
538,11,東京Ｖ,2017,第25
539,12,千葉,2017,第25
540,13,京都,2017,第25
541,14,町田,2017,第25
542,15,愛媛,2017,第25
543,16,山形,2017,第25
544,17,岐阜,2017,第25
545,18,金沢,2017,第25
546,19,熊本,2017,第25
547,20,山口,2017,第25
548,21,讃岐,2017,第25
549,22,群馬,2017,第25
550,1,湘南,2017,第26
551,2,福岡,2017,第26
552,3,長崎,2017,第26
553,4,徳島,2017,第26
554,5,名古屋,2017,第26
555,6,横浜FC,2017,第26
556,7,大分,2017,第26
557,8,岡山,2017,第26
558,9,松本,2017,第26
559,10,千葉,2017,第26
560,11,水戸,2017,第26
561,12,山形,2017,第26
562,13,東京Ｖ,2017,第26
563,14,京都,2017,第26
564,15,町田,2017,第26
565,16,愛媛,2017,第26
566,17,岐阜,2017,第26
567,18,金沢,2017,第26
568,19,熊本,2017,第26
569,20,山口,2017,第26
570,21,讃岐,2017,第26
571,22,群馬,2017,第26
572,1,湘南,2017,第27
573,2,福岡,2017,第27
574,3,名古屋,2017,第27
575,4,徳島,2017,第27
576,5,長崎,2017,第27
577,6,横浜FC,2017,第27
578,7,千葉,2017,第27
579,8,岡山,2017,第27
580,9,大分,2017,第27
581,10,山形,2017,第27
582,11,東京Ｖ,2017,第27
583,12,水戸,2017,第27
584,13,松本,2017,第27
585,14,町田,2017,第27
586,15,京都,2017,第27
587,16,愛媛,2017,第27
588,17,岐阜,2017,第27
589,18,金沢,2017,第27
590,19,熊本,2017,第27
591,20,讃岐,2017,第27
592,21,山口,2017,第27
593,22,群馬,2017,第27
594,1,湘南,2017,第28
595,2,福岡,2017,第28
596,3,名古屋,2017,第28
597,4,徳島,2017,第28
598,5,長崎,2017,第28
599,6,東京Ｖ,2017,第28
600,7,水戸,2017,第28
601,8,松本,2017,第28
602,9,横浜FC,2017,第28
603,10,千葉,2017,第28
604,11,岡山,2017,第28
605,12,大分,2017,第28
606,13,山形,2017,第28
607,14,愛媛,2017,第28
608,15,町田,2017,第28
609,16,京都,2017,第28
610,17,岐阜,2017,第28
611,18,金沢,2017,第28
612,19,熊本,2017,第28
613,20,讃岐,2017,第28
614,21,山口,2017,第28
615,22,群馬,2017,第28
616,1,湘南,2017,第29
617,2,福岡,2017,第29
618,3,名古屋,2017,第29
619,4,徳島,2017,第29
620,5,長崎,2017,第29
621,6,東京Ｖ,2017,第29
622,7,横浜FC,2017,第29
623,8,松本,2017,第29
624,9,千葉,2017,第29
625,10,水戸,2017,第29
626,11,岡山,2017,第29
627,12,大分,2017,第29
628,13,山形,2017,第29
629,14,愛媛,2017,第29
630,15,町田,2017,第29
631,16,京都,2017,第29
632,17,岐阜,2017,第29
633,18,金沢,2017,第29
634,19,熊本,2017,第29
635,20,讃岐,2017,第29
636,21,山口,2017,第29
637,22,群馬,2017,第29
638,1,湘南,2017,第30
639,2,福岡,2017,第30
640,3,名古屋,2017,第30
641,4,徳島,2017,第30
642,5,長崎,2017,第30
643,6,東京Ｖ,2017,第30
644,7,横浜FC,2017,第30
645,8,松本,2017,第30
646,9,岡山,2017,第30
647,10,大分,2017,第30
648,11,水戸,2017,第30
649,12,千葉,2017,第30
650,13,山形,2017,第30
651,14,愛媛,2017,第30
652,15,町田,2017,第30
653,16,京都,2017,第30
654,17,岐阜,2017,第30
655,18,金沢,2017,第30
656,19,讃岐,2017,第30
657,20,熊本,2017,第30
658,21,山口,2017,第30
659,22,群馬,2017,第30
660,1,湘南,2017,第31
661,2,福岡,2017,第31
662,3,名古屋,2017,第31
663,4,長崎,2017,第31
664,5,徳島,2017,第31
665,6,東京Ｖ,2017,第31
666,7,松本,2017,第31
667,8,横浜FC,2017,第31
668,9,大分,2017,第31
669,10,岡山,2017,第31
670,11,水戸,2017,第31
671,12,千葉,2017,第31
672,13,山形,2017,第31
673,14,町田,2017,第31
674,15,愛媛,2017,第31
675,16,京都,2017,第31
676,17,岐阜,2017,第31
677,18,讃岐,2017,第31
678,19,金沢,2017,第31
679,20,熊本,2017,第31
680,21,山口,2017,第31
681,22,群馬,2017,第31
682,1,湘南,2017,第32
683,2,福岡,2017,第32
684,3,長崎,2017,第32
685,4,名古屋,2017,第32
686,5,松本,2017,第32
687,6,横浜FC,2017,第32
688,7,徳島,2017,第32
689,8,大分,2017,第32
690,9,東京Ｖ,2017,第32
691,10,岡山,2017,第32
692,11,水戸,2017,第32
693,12,山形,2017,第32
694,13,千葉,2017,第32
695,14,町田,2017,第32
696,15,愛媛,2017,第32
697,16,岐阜,2017,第32
698,17,京都,2017,第32
699,18,讃岐,2017,第32
700,19,金沢,2017,第32
701,20,熊本,2017,第32
702,21,山口,2017,第32
703,22,群馬,2017,第32
704,1,湘南,2017,第33
705,2,長崎,2017,第33
706,3,福岡,2017,第33
707,4,松本,2017,第33
708,5,横浜FC,2017,第33
709,6,名古屋,2017,第33
710,7,徳島,2017,第33
711,8,東京Ｖ,2017,第33
712,9,大分,2017,第33
713,10,岡山,2017,第33
714,11,千葉,2017,第33
715,12,山形,2017,第33
716,13,水戸,2017,第33
717,14,町田,2017,第33
718,15,岐阜,2017,第33
719,16,愛媛,2017,第33
720,17,京都,2017,第33
721,18,金沢,2017,第33
722,19,讃岐,2017,第33
723,20,熊本,2017,第33
724,21,山口,2017,第33
725,22,群馬,2017,第33
726,1,湘南,2017,第34
727,2,長崎,2017,第34
728,3,福岡,2017,第34
729,4,横浜FC,2017,第34
730,5,名古屋,2017,第34
731,6,松本,2017,第34
732,7,徳島,2017,第34
733,8,大分,2017,第34
734,9,東京Ｖ,2017,第34
735,10,岡山,2017,第34
736,11,水戸,2017,第34
737,12,千葉,2017,第34
738,13,山形,2017,第34
739,14,町田,2017,第34
740,15,岐阜,2017,第34
741,16,愛媛,2017,第34
742,17,京都,2017,第34
743,18,讃岐,2017,第34
744,19,金沢,2017,第34
745,20,熊本,2017,第34
746,21,山口,2017,第34
747,22,群馬,2017,第34
748,1,湘南,2017,第35
749,2,福岡,2017,第35
750,3,長崎,2017,第35
751,4,名古屋,2017,第35
752,5,松本,2017,第35
753,6,横浜FC,2017,第35
754,7,大分,2017,第35
755,8,徳島,2017,第35
756,9,東京Ｖ,2017,第35
757,10,岡山,2017,第35
758,11,水戸,2017,第35
759,12,千葉,2017,第35
760,13,山形,2017,第35
761,14,町田,2017,第35
762,15,岐阜,2017,第35
763,16,愛媛,2017,第35
764,17,京都,2017,第35
765,18,熊本,2017,第35
766,19,讃岐,2017,第35
767,20,金沢,2017,第35
768,21,山口,2017,第35
769,22,群馬,2017,第35
770,1,湘南,2017,第36
771,2,福岡,2017,第36
772,3,長崎,2017,第36
773,4,名古屋,2017,第36
774,5,松本,2017,第36
775,6,徳島,2017,第36
776,7,東京Ｖ,2017,第36
777,8,横浜FC,2017,第36
778,9,大分,2017,第36
779,10,千葉,2017,第36
780,11,岡山,2017,第36
781,12,水戸,2017,第36
782,13,山形,2017,第36
783,14,町田,2017,第36
784,15,京都,2017,第36
785,16,岐阜,2017,第36
786,17,愛媛,2017,第36
787,18,金沢,2017,第36
788,19,熊本,2017,第36
789,20,讃岐,2017,第36
790,21,山口,2017,第36
791,22,群馬,2017,第36
792,1,湘南,2017,第37
793,2,福岡,2017,第37
794,3,長崎,2017,第37
795,4,名古屋,2017,第37
796,5,松本,2017,第37
797,6,徳島,2017,第37
798,7,東京Ｖ,2017,第37
799,8,横浜FC,2017,第37
800,9,大分,2017,第37
801,10,千葉,2017,第37
802,11,水戸,2017,第37
803,12,山形,2017,第37
804,13,岡山,2017,第37
805,14,京都,2017,第37
806,15,町田,2017,第37
807,16,愛媛,2017,第37
808,17,岐阜,2017,第37
809,18,金沢,2017,第37
810,19,熊本,2017,第37
811,20,讃岐,2017,第37
812,21,山口,2017,第37
813,22,群馬,2017,第37
814,1,湘南,2017,第38
815,2,福岡,2017,第38
816,3,長崎,2017,第38
817,4,名古屋,2017,第38
818,5,東京Ｖ,2017,第38
819,6,徳島,2017,第38
820,7,松本,2017,第38
821,8,大分,2017,第38
822,9,横浜FC,2017,第38
823,10,千葉,2017,第38
824,11,岡山,2017,第38
825,12,水戸,2017,第38
826,13,山形,2017,第38
827,14,京都,2017,第38
828,15,町田,2017,第38
829,16,愛媛,2017,第38
830,17,岐阜,2017,第38
831,18,金沢,2017,第38
832,19,熊本,2017,第38
833,20,讃岐,2017,第38
834,21,山口,2017,第38
835,22,群馬,2017,第38
836,1,湘南,2017,第39
837,2,長崎,2017,第39
838,3,名古屋,2017,第39
839,4,福岡,2017,第39
840,5,松本,2017,第39
841,6,東京Ｖ,2017,第39
842,7,徳島,2017,第39
843,8,大分,2017,第39
844,9,横浜FC,2017,第39
845,10,千葉,2017,第39
846,11,水戸,2017,第39
847,12,岡山,2017,第39
848,13,山形,2017,第39
849,14,京都,2017,第39
850,15,町田,2017,第39
851,16,愛媛,2017,第39
852,17,岐阜,2017,第39
853,18,金沢,2017,第39
854,19,讃岐,2017,第39
855,20,熊本,2017,第39
856,21,山口,2017,第39
857,22,群馬,2017,第39
858,1,湘南,2017,第40
859,2,長崎,2017,第40
860,3,名古屋,2017,第40
861,4,福岡,2017,第40
862,5,松本,2017,第40
863,6,徳島,2017,第40
864,7,東京Ｖ,2017,第40
865,8,横浜FC,2017,第40
866,9,千葉,2017,第40
867,10,大分,2017,第40
868,11,水戸,2017,第40
869,12,岡山,2017,第40
870,13,山形,2017,第40
871,14,京都,2017,第40
872,15,町田,2017,第40
873,16,愛媛,2017,第40
874,17,岐阜,2017,第40
875,18,金沢,2017,第40
876,19,讃岐,2017,第40
877,20,熊本,2017,第40
878,21,山口,2017,第40
879,22,群馬,2017,第40
880,1,湘南,2017,第41
881,2,長崎,2017,第41
882,3,福岡,2017,第41
883,4,名古屋,2017,第41
884,5,徳島,2017,第41
885,6,東京Ｖ,2017,第41
886,7,松本,2017,第41
887,8,千葉,2017,第41
888,9,横浜FC,2017,第41
889,10,大分,2017,第41
890,11,山形,2017,第41
891,12,京都,2017,第41
892,13,水戸,2017,第41
893,14,岡山,2017,第41
894,15,愛媛,2017,第41
895,16,町田,2017,第41
896,17,岐阜,2017,第41
897,18,金沢,2017,第41
898,19,讃岐,2017,第41
899,20,山口,2017,第41
900,21,熊本,2017,第41
901,22,群馬,2017,第41
902,1,湘南,2017,第42
903,2,長崎,2017,第42
904,3,名古屋,2017,第42
905,4,福岡,2017,第42
906,5,東京Ｖ,2017,第42
907,6,千葉,2017,第42
908,7,徳島,2017,第42
909,8,松本,2017,第42
910,9,大分,2017,第42
911,10,横浜FC,2017,第42
912,11,山形,2017,第42
913,12,京都,2017,第42
914,13,岡山,2017,第42
915,14,水戸,2017,第42
916,15,愛媛,2017,第42
917,16,町田,2017,第42
918,17,金沢,2017,第42
919,18,岐阜,2017,第42
920,19,讃岐,2017,第42
921,20,山口,2017,第42
922,21,熊本,2017,第42
923,22,群馬,2017,第42
924,1,山口,2018,第1
925,2,水戸,2018,第1
926,3,大分,2018,第1
927,4,町田,2018,第1
928,4,福岡,2018,第1
929,6,大宮,2018,第1
930,6,東京Ｖ,2018,第1
931,6,金沢,2018,第1
932,9,新潟,2018,第1
933,9,岡山,2018,第1
934,11,横浜FC,2018,第1
935,11,松本,2018,第1
936,13,千葉,2018,第1
937,13,甲府,2018,第1
938,13,愛媛,2018,第1
939,16,讃岐,2018,第1
940,16,徳島,2018,第1
941,18,栃木,2018,第1
942,19,岐阜,2018,第1
943,19,京都,2018,第1
944,21,熊本,2018,第1
945,22,山形,2018,第1
946,1,山口,2018,第2
947,2,岡山,2018,第2
948,3,町田,2018,第2
949,4,水戸,2018,第2
950,5,大分,2018,第2
951,6,福岡,2018,第2
952,7,東京Ｖ,2018,第2
953,7,新潟,2018,第2
954,9,横浜FC,2018,第2
955,10,大宮,2018,第2
956,11,金沢,2018,第2
957,12,讃岐,2018,第2
958,13,熊本,2018,第2
959,14,松本,2018,第2
960,15,千葉,2018,第2
961,15,甲府,2018,第2
962,17,京都,2018,第2
963,18,山形,2018,第2
964,19,徳島,2018,第2
965,19,愛媛,2018,第2
966,21,岐阜,2018,第2
967,22,栃木,2018,第2
968,1,山口,2018,第3
969,2,岡山,2018,第3
970,3,水戸,2018,第3
971,4,横浜FC,2018,第3
972,5,町田,2018,第3
973,5,福岡,2018,第3
974,7,東京Ｖ,2018,第3
975,8,新潟,2018,第3
976,9,大分,2018,第3
977,10,山形,2018,第3
978,11,大宮,2018,第3
979,12,金沢,2018,第3
980,12,讃岐,2018,第3
981,12,徳島,2018,第3
982,15,岐阜,2018,第3
983,16,熊本,2018,第3
984,17,松本,2018,第3
985,18,甲府,2018,第3
986,19,京都,2018,第3
987,20,千葉,2018,第3
988,21,愛媛,2018,第3
989,22,栃木,2018,第3
990,1,水戸,2018,第4
991,2,岡山,2018,第4
992,3,山口,2018,第4
993,4,新潟,2018,第4
994,5,町田,2018,第4
995,6,東京Ｖ,2018,第4
996,7,福岡,2018,第4
997,8,横浜FC,2018,第4
998,9,徳島,2018,第4
999,10,熊本,2018,第4
1000,11,大分,2018,第4
1001,12,甲府,2018,第4
1002,13,京都,2018,第4
1003,14,山形,2018,第4
1004,15,大宮,2018,第4
1005,16,金沢,2018,第4
1006,17,松本,2018,第4
1007,18,讃岐,2018,第4
1008,19,岐阜,2018,第4
1009,20,栃木,2018,第4
1010,21,千葉,2018,第4
1011,22,愛媛,2018,第4
1012,1,岡山,2018,第5
1013,2,町田,2018,第5
1014,3,水戸,2018,第5
1015,4,山口,2018,第5
1016,5,横浜FC,2018,第5
1017,6,徳島,2018,第5
1018,7,東京Ｖ,2018,第5
1019,8,熊本,2018,第5
1020,9,大分,2018,第5
1021,10,新潟,2018,第5
1022,11,福岡,2018,第5
1023,12,甲府,2018,第5
1024,13,金沢,2018,第5
1025,14,京都,2018,第5
1026,15,山形,2018,第5
1027,16,千葉,2018,第5
1028,17,大宮,2018,第5
1029,18,岐阜,2018,第5
1030,19,栃木,2018,第5
1031,20,松本,2018,第5
1032,21,愛媛,2018,第5
1033,22,讃岐,2018,第5
1034,1,岡山,2018,第6
1035,2,町田,2018,第6
1036,3,水戸,2018,第6
1037,4,山口,2018,第6
1038,5,大分,2018,第6
1039,6,新潟,2018,第6
1040,7,横浜FC,2018,第6
1041,8,東京Ｖ,2018,第6
1042,9,徳島,2018,第6
1043,10,熊本,2018,第6
1044,11,福岡,2018,第6
1045,12,千葉,2018,第6
1046,13,大宮,2018,第6
1047,13,岐阜,2018,第6
1048,15,栃木,2018,第6
1049,16,金沢,2018,第6
1050,17,山形,2018,第6
1051,18,甲府,2018,第6
1052,19,京都,2018,第6
1053,20,松本,2018,第6
1054,21,愛媛,2018,第6
1055,22,讃岐,2018,第6
1056,1,岡山,2018,第7
1057,2,町田,2018,第7
1058,3,大分,2018,第7
1059,4,山口,2018,第7
1060,5,東京Ｖ,2018,第7
1061,6,熊本,2018,第7
1062,7,水戸,2018,第7
1063,8,新潟,2018,第7
1064,9,福岡,2018,第7
1065,10,横浜FC,2018,第7
1066,11,金沢,2018,第7
1067,12,徳島,2018,第7
1068,13,甲府,2018,第7
1069,14,松本,2018,第7
1070,15,千葉,2018,第7
1071,16,岐阜,2018,第7
1072,17,大宮,2018,第7
1073,18,栃木,2018,第7
1074,19,山形,2018,第7
1075,20,京都,2018,第7
1076,21,愛媛,2018,第7
1077,22,讃岐,2018,第7
1078,1,岡山,2018,第8
1079,2,大分,2018,第8
1080,3,山口,2018,第8
1081,4,町田,2018,第8
1082,5,東京Ｖ,2018,第8
1083,6,熊本,2018,第8
1084,7,金沢,2018,第8
1085,8,水戸,2018,第8
1086,9,福岡,2018,第8
1087,10,横浜FC,2018,第8
1088,11,新潟,2018,第8
1089,12,徳島,2018,第8
1090,13,甲府,2018,第8
1091,14,山形,2018,第8
1092,15,松本,2018,第8
1093,16,岐阜,2018,第8
1094,17,栃木,2018,第8
1095,18,大宮,2018,第8
1096,19,千葉,2018,第8
1097,20,京都,2018,第8
1098,21,愛媛,2018,第8
1099,22,讃岐,2018,第8
1100,1,岡山,2018,第9
1101,2,大分,2018,第9
1102,3,山口,2018,第9
1103,4,町田,2018,第9
1104,5,東京Ｖ,2018,第9
1105,6,水戸,2018,第9
1106,7,福岡,2018,第9
1107,8,熊本,2018,第9
1108,9,横浜FC,2018,第9
1109,10,金沢,2018,第9
1110,11,山形,2018,第9
1111,12,松本,2018,第9
1112,13,新潟,2018,第9
1113,14,徳島,2018,第9
1114,15,栃木,2018,第9
1115,16,千葉,2018,第9
1116,17,甲府,2018,第9
1117,18,岐阜,2018,第9
1118,19,大宮,2018,第9
1119,20,愛媛,2018,第9
1120,21,京都,2018,第9
1121,22,讃岐,2018,第9
1122,1,大分,2018,第10
1123,2,岡山,2018,第10
1124,3,山口,2018,第10
1125,4,東京Ｖ,2018,第10
1126,5,福岡,2018,第10
1127,6,熊本,2018,第10
1128,7,町田,2018,第10
1129,8,水戸,2018,第10
1130,9,松本,2018,第10
1131,10,横浜FC,2018,第10
1132,11,金沢,2018,第10
1133,12,山形,2018,第10
1134,13,栃木,2018,第10
1135,14,新潟,2018,第10
1136,15,大宮,2018,第10
1137,16,徳島,2018,第10
1138,17,甲府,2018,第10
1139,18,岐阜,2018,第10
1140,19,千葉,2018,第10
1141,20,讃岐,2018,第10
1142,21,愛媛,2018,第10
1143,22,京都,2018,第10
1144,1,大分,2018,第11
1145,2,岡山,2018,第11
1146,3,山口,2018,第11
1147,4,福岡,2018,第11
1148,5,東京Ｖ,2018,第11
1149,6,熊本,2018,第11
1150,7,横浜FC,2018,第11
1151,8,町田,2018,第11
1152,9,金沢,2018,第11
1153,10,松本,2018,第11
1154,11,水戸,2018,第11
1155,12,栃木,2018,第11
1156,13,大宮,2018,第11
1157,14,新潟,2018,第11
1158,15,山形,2018,第11
1159,16,甲府,2018,第11
1160,17,徳島,2018,第11
1161,18,千葉,2018,第11
1162,19,岐阜,2018,第11
1163,20,讃岐,2018,第11
1164,21,京都,2018,第11
1165,22,愛媛,2018,第11
1166,1,大分,2018,第12
1167,2,岡山,2018,第12
1168,3,福岡,2018,第12
1169,4,山口,2018,第12
1170,5,横浜FC,2018,第12
1171,6,町田,2018,第12
1172,7,東京Ｖ,2018,第12
1173,8,松本,2018,第12
1174,9,栃木,2018,第12
1175,10,大宮,2018,第12
1176,11,新潟,2018,第12
1177,12,熊本,2018,第12
1178,13,金沢,2018,第12
1179,14,水戸,2018,第12
1180,15,徳島,2018,第12
1181,16,千葉,2018,第12
1182,17,岐阜,2018,第12
1183,18,甲府,2018,第12
1184,19,山形,2018,第12
1185,20,讃岐,2018,第12
1186,21,京都,2018,第12
1187,22,愛媛,2018,第12
1188,1,大分,2018,第13
1189,2,岡山,2018,第13
1190,3,山口,2018,第13
1191,4,福岡,2018,第13
1192,5,町田,2018,第13
1193,6,横浜FC,2018,第13
1194,7,栃木,2018,第13
1195,8,金沢,2018,第13
1196,9,東京Ｖ,2018,第13
1197,10,松本,2018,第13
1198,11,大宮,2018,第13
1199,12,新潟,2018,第13
1200,13,徳島,2018,第13
1201,14,千葉,2018,第13
1202,15,熊本,2018,第13
1203,16,岐阜,2018,第13
1204,17,甲府,2018,第13
1205,18,山形,2018,第13
1206,19,水戸,2018,第13
1207,20,讃岐,2018,第13
1208,21,愛媛,2018,第13
1209,22,京都,2018,第13
1210,1,大分,2018,第14
1211,2,山口,2018,第14
1212,3,福岡,2018,第14
1213,4,町田,2018,第14
1214,5,岡山,2018,第14
1215,6,横浜FC,2018,第14
1216,7,松本,2018,第14
1217,8,新潟,2018,第14
1218,9,徳島,2018,第14
1219,10,栃木,2018,第14
1220,11,甲府,2018,第14
1221,12,東京Ｖ,2018,第14
1222,13,水戸,2018,第14
1223,14,大宮,2018,第14
1224,15,金沢,2018,第14
1225,16,千葉,2018,第14
1226,17,熊本,2018,第14
1227,18,岐阜,2018,第14
1228,19,山形,2018,第14
1229,20,愛媛,2018,第14
1230,21,讃岐,2018,第14
1231,22,京都,2018,第14
1232,1,大分,2018,第15
1233,2,山口,2018,第15
1234,3,町田,2018,第15
1235,4,福岡,2018,第15
1236,5,岡山,2018,第15
1237,6,松本,2018,第15
1238,7,横浜FC,2018,第15
1239,8,甲府,2018,第15
1240,9,新潟,2018,第15
1241,10,徳島,2018,第15
1242,11,栃木,2018,第15
1243,12,熊本,2018,第15
1244,13,岐阜,2018,第15
1245,14,金沢,2018,第15
1246,15,東京Ｖ,2018,第15
1247,16,水戸,2018,第15
1248,17,大宮,2018,第15
1249,18,千葉,2018,第15
1250,19,山形,2018,第15
1251,20,京都,2018,第15
1252,21,愛媛,2018,第15
1253,22,讃岐,2018,第15
1254,1,大分,2018,第16
1255,2,山口,2018,第16
1256,3,福岡,2018,第16
1257,4,岡山,2018,第16
1258,5,横浜FC,2018,第16
1259,6,町田,2018,第16
1260,7,松本,2018,第16
1261,8,甲府,2018,第16
1262,9,岐阜,2018,第16
1263,10,徳島,2018,第16
1264,11,新潟,2018,第16
1265,12,大宮,2018,第16
1266,13,千葉,2018,第16
1267,14,山形,2018,第16
1268,15,栃木,2018,第16
1269,16,熊本,2018,第16
1270,17,東京Ｖ,2018,第16
1271,18,金沢,2018,第16
1272,19,水戸,2018,第16
1273,20,京都,2018,第16
1274,21,愛媛,2018,第16
1275,22,讃岐,2018,第16
1276,1,大分,2018,第17
1277,2,福岡,2018,第17
1278,3,山口,2018,第17
1279,4,町田,2018,第17
1280,5,岡山,2018,第17
1281,6,松本,2018,第17
1282,7,横浜FC,2018,第17
1283,8,岐阜,2018,第17
1284,9,甲府,2018,第17
1285,10,大宮,2018,第17
1286,11,徳島,2018,第17
1287,12,千葉,2018,第17
1288,13,新潟,2018,第17
1289,14,山形,2018,第17
1290,15,東京Ｖ,2018,第17
1291,16,栃木,2018,第17
1292,17,熊本,2018,第17
1293,18,金沢,2018,第17
1294,19,水戸,2018,第17
1295,20,京都,2018,第17
1296,21,愛媛,2018,第17
1297,22,讃岐,2018,第17
1298,1,福岡,2018,第18
1299,2,山口,2018,第18
1300,3,大分,2018,第18
1301,4,町田,2018,第18
1302,5,松本,2018,第18
1303,6,岡山,2018,第18
1304,7,岐阜,2018,第18
1305,8,横浜FC,2018,第18
1306,9,大宮,2018,第18
1307,10,甲府,2018,第18
1308,11,山形,2018,第18
1309,12,東京Ｖ,2018,第18
1310,13,徳島,2018,第18
1311,14,千葉,2018,第18
1312,15,新潟,2018,第18
1313,16,水戸,2018,第18
1314,17,栃木,2018,第18
1315,18,熊本,2018,第18
1316,19,金沢,2018,第18
1317,20,京都,2018,第18
1318,21,愛媛,2018,第18
1319,22,讃岐,2018,第18
1320,1,山口,2018,第19
1321,2,大分,2018,第19
1322,3,町田,2018,第19
1323,4,福岡,2018,第19
1324,5,松本,2018,第19
1325,6,岡山,2018,第19
1326,7,横浜FC,2018,第19
1327,8,岐阜,2018,第19
1328,9,大宮,2018,第19
1329,10,山形,2018,第19
1330,11,東京Ｖ,2018,第19
1331,12,千葉,2018,第19
1332,13,甲府,2018,第19
1333,14,新潟,2018,第19
1334,15,金沢,2018,第19
1335,16,徳島,2018,第19
1336,17,水戸,2018,第19
1337,18,熊本,2018,第19
1338,19,栃木,2018,第19
1339,20,京都,2018,第19
1340,21,愛媛,2018,第19
1341,22,讃岐,2018,第19
1342,1,大分,2018,第20
1343,2,山口,2018,第20
1344,3,町田,2018,第20
1345,4,福岡,2018,第20
1346,5,松本,2018,第20
1347,6,横浜FC,2018,第20
1348,7,大宮,2018,第20
1349,8,岡山,2018,第20
1350,9,山形,2018,第20
1351,10,東京Ｖ,2018,第20
1352,11,岐阜,2018,第20
1353,12,甲府,2018,第20
1354,13,新潟,2018,第20
1355,14,千葉,2018,第20
1356,15,水戸,2018,第20
1357,16,金沢,2018,第20
1358,17,徳島,2018,第20
1359,18,熊本,2018,第20
1360,19,栃木,2018,第20
1361,20,京都,2018,第20
1362,21,讃岐,2018,第20
1363,22,愛媛,2018,第20
1364,1,大分,2018,第21
1365,2,山口,2018,第21
1366,3,町田,2018,第21
1367,4,松本,2018,第21
1368,5,福岡,2018,第21
1369,6,横浜FC,2018,第21
1370,7,山形,2018,第21
1371,8,大宮,2018,第21
1372,9,東京Ｖ,2018,第21
1373,10,岡山,2018,第21
1374,11,岐阜,2018,第21
1375,12,甲府,2018,第21
1376,13,千葉,2018,第21
1377,14,新潟,2018,第21
1378,15,徳島,2018,第21
1379,16,水戸,2018,第21
1380,17,金沢,2018,第21
1381,18,熊本,2018,第21
1382,19,栃木,2018,第21
1383,20,讃岐,2018,第21
1384,21,京都,2018,第21
1385,22,愛媛,2018,第21
1386,1,松本,2018,第22
1387,2,大分,2018,第22
1388,3,山口,2018,第22
1389,4,町田,2018,第22
1390,5,福岡,2018,第22
1391,6,横浜FC,2018,第22
1392,7,大宮,2018,第22
1393,8,岡山,2018,第22
1394,9,山形,2018,第22
1395,10,東京Ｖ,2018,第22
1396,11,甲府,2018,第22
1397,12,岐阜,2018,第22
1398,13,金沢,2018,第22
1399,14,水戸,2018,第22
1400,15,徳島,2018,第22
1401,16,千葉,2018,第22
1402,17,新潟,2018,第22
1403,18,栃木,2018,第22
1404,19,熊本,2018,第22
1405,20,愛媛,2018,第22
1406,21,讃岐,2018,第22
1407,22,京都,2018,第22
1408,1,松本,2018,第23
1409,2,町田,2018,第23
1410,3,大分,2018,第23
1411,4,山口,2018,第23
1412,5,福岡,2018,第23
1413,6,横浜FC,2018,第23
1414,7,大宮,2018,第23
1415,8,東京Ｖ,2018,第23
1416,9,岡山,2018,第23
1417,10,山形,2018,第23
1418,11,岐阜,2018,第23
1419,12,甲府,2018,第23
1420,13,金沢,2018,第23
1421,14,水戸,2018,第23
1422,15,徳島,2018,第23
1423,16,千葉,2018,第23
1424,17,新潟,2018,第23
1425,18,栃木,2018,第23
1426,19,熊本,2018,第23
1427,20,愛媛,2018,第23
1428,21,讃岐,2018,第23
1429,22,京都,2018,第23
1430,1,松本,2018,第24
1431,2,町田,2018,第24
1432,3,横浜FC,2018,第24
1433,4,大分,2018,第24
1434,5,山口,2018,第24
1435,6,福岡,2018,第24
1436,7,大宮,2018,第24
1437,8,東京Ｖ,2018,第24
1438,9,岡山,2018,第24
1439,10,甲府,2018,第24
1440,11,山形,2018,第24
1441,12,岐阜,2018,第24
1442,13,水戸,2018,第24
1443,14,金沢,2018,第24
1444,15,徳島,2018,第24
1445,16,新潟,2018,第24
1446,17,千葉,2018,第24
1447,18,栃木,2018,第24
1448,19,愛媛,2018,第24
1449,20,熊本,2018,第24
1450,21,讃岐,2018,第24
1451,22,京都,2018,第24
1452,1,松本,2018,第25
1453,2,町田,2018,第25
1454,3,横浜FC,2018,第25
1455,4,山口,2018,第25
1456,5,大分,2018,第25
1457,6,福岡,2018,第25
1458,7,東京Ｖ,2018,第25
1459,8,大宮,2018,第25
1460,9,山形,2018,第25
1461,10,岡山,2018,第25
1462,11,甲府,2018,第25
1463,12,徳島,2018,第25
1464,13,水戸,2018,第25
1465,14,岐阜,2018,第25
1466,15,金沢,2018,第25
1467,16,千葉,2018,第25
1468,17,新潟,2018,第25
1469,18,栃木,2018,第25
1470,19,愛媛,2018,第25
1471,20,讃岐,2018,第25
1472,21,熊本,2018,第25
1473,22,京都,2018,第25
1474,1,松本,2018,第26
1475,2,町田,2018,第26
1476,3,大分,2018,第26
1477,4,横浜FC,2018,第26
1478,5,東京Ｖ,2018,第26
1479,6,山口,2018,第26
1480,7,大宮,2018,第26
1481,8,福岡,2018,第26
1482,9,山形,2018,第26
1483,10,水戸,2018,第26
1484,11,岡山,2018,第26
1485,12,甲府,2018,第26
1486,13,徳島,2018,第26
1487,14,千葉,2018,第26
1488,15,金沢,2018,第26
1489,16,岐阜,2018,第26
1490,17,新潟,2018,第26
1491,18,栃木,2018,第26
1492,19,愛媛,2018,第26
1493,20,讃岐,2018,第26
1494,21,熊本,2018,第26
1495,22,京都,2018,第26
1496,1,松本,2018,第27
1497,2,町田,2018,第27
1498,3,大分,2018,第27
1499,4,東京Ｖ,2018,第27
1500,5,福岡,2018,第27
1501,6,横浜FC,2018,第27
1502,7,山口,2018,第27
1503,8,大宮,2018,第27
1504,9,岡山,2018,第27
1505,10,徳島,2018,第27
1506,11,山形,2018,第27
1507,12,水戸,2018,第27
1508,13,金沢,2018,第27
1509,14,甲府,2018,第27
1510,15,千葉,2018,第27
1511,16,岐阜,2018,第27
1512,17,栃木,2018,第27
1513,18,愛媛,2018,第27
1514,19,新潟,2018,第27
1515,20,讃岐,2018,第27
1516,21,熊本,2018,第27
1517,22,京都,2018,第27
1518,1,松本,2018,第28
1519,2,大分,2018,第28
1520,3,町田,2018,第28
1521,4,福岡,2018,第28
1522,5,横浜FC,2018,第28
1523,6,東京Ｖ,2018,第28
1524,7,大宮,2018,第28
1525,8,山口,2018,第28
1526,9,山形,2018,第28
1527,10,徳島,2018,第28
1528,11,岡山,2018,第28
1529,12,甲府,2018,第28
1530,13,水戸,2018,第28
1531,14,金沢,2018,第28
1532,15,栃木,2018,第28
1533,16,千葉,2018,第28
1534,17,岐阜,2018,第28
1535,18,愛媛,2018,第28
1536,19,新潟,2018,第28
1537,20,讃岐,2018,第28
1538,21,熊本,2018,第28
1539,22,京都,2018,第28
1540,1,松本,2018,第29
1541,2,町田,2018,第29
1542,3,大分,2018,第29
1543,4,横浜FC,2018,第29
1544,5,大宮,2018,第29
1545,6,東京Ｖ,2018,第29
1546,7,福岡,2018,第29
1547,8,山口,2018,第29
1548,9,徳島,2018,第29
1549,10,岡山,2018,第29
1550,11,山形,2018,第29
1551,12,水戸,2018,第29
1552,13,栃木,2018,第29
1553,14,甲府,2018,第29
1554,15,金沢,2018,第29
1555,16,千葉,2018,第29
1556,17,愛媛,2018,第29
1557,18,岐阜,2018,第29
1558,19,新潟,2018,第29
1559,20,熊本,2018,第29
1560,21,京都,2018,第29
1561,22,讃岐,2018,第29
1562,1,町田,2018,第30
1563,2,松本,2018,第30
1564,3,横浜FC,2018,第30
1565,4,大分,2018,第30
1566,5,福岡,2018,第30
1567,6,東京Ｖ,2018,第30
1568,7,大宮,2018,第30
1569,8,徳島,2018,第30
1570,9,岡山,2018,第30
1571,10,山口,2018,第30
1572,11,水戸,2018,第30
1573,12,山形,2018,第30
1574,13,栃木,2018,第30
1575,14,金沢,2018,第30
1576,15,甲府,2018,第30
1577,16,千葉,2018,第30
1578,17,愛媛,2018,第30
1579,18,岐阜,2018,第30
1580,19,新潟,2018,第30
1581,20,京都,2018,第30
1582,21,熊本,2018,第30
1583,22,讃岐,2018,第30
1584,1,町田,2018,第31
1585,2,松本,2018,第31
1586,3,横浜FC,2018,第31
1587,4,福岡,2018,第31
1588,5,東京Ｖ,2018,第31
1589,6,大宮,2018,第31
1590,7,大分,2018,第31
1591,8,徳島,2018,第31
1592,9,岡山,2018,第31
1593,10,山形,2018,第31
1594,11,山口,2018,第31
1595,12,水戸,2018,第31
1596,13,栃木,2018,第31
1597,14,金沢,2018,第31
1598,15,甲府,2018,第31
1599,16,千葉,2018,第31
1600,17,愛媛,2018,第31
1601,18,岐阜,2018,第31
1602,19,新潟,2018,第31
1603,20,京都,2018,第31
1604,21,熊本,2018,第31
1605,22,讃岐,2018,第31
1606,1,町田,2018,第32
1607,2,松本,2018,第32
1608,3,横浜FC,2018,第32
1609,4,東京Ｖ,2018,第32
1610,5,大分,2018,第32
1611,6,福岡,2018,第32
1612,7,大宮,2018,第32
1613,8,徳島,2018,第32
1614,9,岡山,2018,第32
1615,10,山形,2018,第32
1616,11,水戸,2018,第32
1617,12,山口,2018,第32
1618,13,千葉,2018,第32
1619,14,栃木,2018,第32
1620,15,金沢,2018,第32
1621,16,甲府,2018,第32
1622,17,愛媛,2018,第32
1623,18,新潟,2018,第32
1624,19,岐阜,2018,第32
1625,20,京都,2018,第32
1626,21,熊本,2018,第32
1627,22,讃岐,2018,第32
1628,1,松本,2018,第33
1629,2,町田,2018,第33
1630,3,大分,2018,第33
1631,4,東京Ｖ,2018,第33
1632,5,横浜FC,2018,第33
1633,6,大宮,2018,第33
1634,7,福岡,2018,第33
1635,8,徳島,2018,第33
1636,9,岡山,2018,第33
1637,10,山形,2018,第33
1638,11,水戸,2018,第33
1639,12,山口,2018,第33
1640,13,千葉,2018,第33
1641,14,栃木,2018,第33
1642,15,金沢,2018,第33
1643,16,甲府,2018,第33
1644,17,愛媛,2018,第33
1645,18,新潟,2018,第33
1646,19,岐阜,2018,第33
1647,20,京都,2018,第33
1648,21,熊本,2018,第33
1649,22,讃岐,2018,第33
1650,1,松本,2018,第34
1651,2,町田,2018,第34
1652,3,大分,2018,第34
1653,4,横浜FC,2018,第34
1654,5,大宮,2018,第34
1655,6,福岡,2018,第34
1656,7,東京Ｖ,2018,第34
1657,8,徳島,2018,第34
1658,9,山形,2018,第34
1659,10,岡山,2018,第34
1660,11,水戸,2018,第34
1661,12,甲府,2018,第34
1662,13,山口,2018,第34
1663,14,栃木,2018,第34
1664,15,金沢,2018,第34
1665,16,千葉,2018,第34
1666,17,新潟,2018,第34
1667,18,愛媛,2018,第34
1668,19,岐阜,2018,第34
1669,20,京都,2018,第34
1670,21,熊本,2018,第34
1671,22,讃岐,2018,第34
1672,1,松本,2018,第35
1673,2,大分,2018,第35
1674,3,町田,2018,第35
1675,4,福岡,2018,第35
1676,5,東京Ｖ,2018,第35
1677,6,横浜FC,2018,第35
1678,7,大宮,2018,第35
1679,8,徳島,2018,第35
1680,9,山形,2018,第35
1681,10,岡山,2018,第35
1682,11,山口,2018,第35
1683,12,水戸,2018,第35
1684,13,金沢,2018,第35
1685,14,甲府,2018,第35
1686,15,栃木,2018,第35
1687,16,千葉,2018,第35
1688,17,新潟,2018,第35
1689,18,愛媛,2018,第35
1690,19,京都,2018,第35
1691,20,岐阜,2018,第35
1692,21,熊本,2018,第35
1693,22,讃岐,2018,第35
1694,1,大分,2018,第36
1695,2,松本,2018,第36
1696,3,町田,2018,第36
1697,4,福岡,2018,第36
1698,5,大宮,2018,第36
1699,6,東京Ｖ,2018,第36
1700,7,横浜FC,2018,第36
1701,8,徳島,2018,第36
1702,9,山形,2018,第36
1703,10,山口,2018,第36
1704,11,金沢,2018,第36
1705,12,岡山,2018,第36
1706,13,甲府,2018,第36
1707,14,水戸,2018,第36
1708,15,千葉,2018,第36
1709,16,栃木,2018,第36
1710,17,新潟,2018,第36
1711,18,愛媛,2018,第36
1712,19,京都,2018,第36
1713,20,岐阜,2018,第36
1714,21,熊本,2018,第36
1715,22,讃岐,2018,第36
1716,1,松本,2018,第37
1717,2,大分,2018,第37
1718,3,町田,2018,第37
1719,4,福岡,2018,第37
1720,5,大宮,2018,第37
1721,6,横浜FC,2018,第37
1722,7,東京Ｖ,2018,第37
1723,8,徳島,2018,第37
1724,9,山形,2018,第37
1725,10,山口,2018,第37
1726,11,甲府,2018,第37
1727,12,金沢,2018,第37
1728,13,岡山,2018,第37
1729,14,千葉,2018,第37
1730,15,水戸,2018,第37
1731,16,新潟,2018,第37
1732,17,栃木,2018,第37
1733,18,愛媛,2018,第37
1734,19,京都,2018,第37
1735,20,岐阜,2018,第37
1736,21,讃岐,2018,第37
1737,22,熊本,2018,第37
1738,1,松本,2018,第38
1739,2,大分,2018,第38
1740,3,町田,2018,第38
1741,4,東京Ｖ,2018,第38
1742,5,福岡,2018,第38
1743,6,大宮,2018,第38
1744,7,横浜FC,2018,第38
1745,8,徳島,2018,第38
1746,9,甲府,2018,第38
1747,10,山形,2018,第38
1748,11,岡山,2018,第38
1749,12,山口,2018,第38
1750,13,金沢,2018,第38
1751,14,水戸,2018,第38
1752,15,新潟,2018,第38
1753,16,千葉,2018,第38
1754,17,栃木,2018,第38
1755,18,愛媛,2018,第38
1756,19,京都,2018,第38
1757,20,岐阜,2018,第38
1758,21,讃岐,2018,第38
1759,22,熊本,2018,第38
1760,1,大分,2018,第39
1761,2,松本,2018,第39
1762,3,町田,2018,第39
1763,4,横浜FC,2018,第39
1764,5,東京Ｖ,2018,第39
1765,6,福岡,2018,第39
1766,7,大宮,2018,第39
1767,8,甲府,2018,第39
1768,9,山口,2018,第39
1769,10,徳島,2018,第39
1770,11,水戸,2018,第39
1771,12,岡山,2018,第39
1772,13,山形,2018,第39
1773,14,新潟,2018,第39
1774,15,金沢,2018,第39
1775,16,千葉,2018,第39
1776,17,栃木,2018,第39
1777,18,愛媛,2018,第39
1778,19,京都,2018,第39
1779,20,岐阜,2018,第39
1780,21,讃岐,2018,第39
1781,22,熊本,2018,第39
1782,1,松本,2018,第40
1783,2,大分,2018,第40
1784,3,町田,2018,第40
1785,4,横浜FC,2018,第40
1786,5,東京Ｖ,2018,第40
1787,6,福岡,2018,第40
1788,7,大宮,2018,第40
1789,8,山口,2018,第40
1790,9,甲府,2018,第40
1791,10,水戸,2018,第40
1792,11,山形,2018,第40
1793,12,徳島,2018,第40
1794,13,岡山,2018,第40
1795,14,金沢,2018,第40
1796,15,新潟,2018,第40
1797,16,千葉,2018,第40
1798,17,栃木,2018,第40
1799,18,愛媛,2018,第40
1800,19,京都,2018,第40
1801,20,岐阜,2018,第40
1802,21,熊本,2018,第40
1803,22,讃岐,2018,第40
1804,1,松本,2018,第41
1805,2,大分,2018,第41
1806,3,町田,2018,第41
1807,4,横浜FC,2018,第41
1808,5,東京Ｖ,2018,第41
1809,6,福岡,2018,第41
1810,7,大宮,2018,第41
1811,8,甲府,2018,第41
1812,9,山口,2018,第41
1813,10,水戸,2018,第41
1814,11,徳島,2018,第41
1815,12,山形,2018,第41
1816,13,千葉,2018,第41
1817,14,岡山,2018,第41
1818,15,新潟,2018,第41
1819,16,金沢,2018,第41
1820,17,栃木,2018,第41
1821,18,愛媛,2018,第41
1822,19,岐阜,2018,第41
1823,20,京都,2018,第41
1824,21,熊本,2018,第41
1825,22,讃岐,2018,第41
1826,1,松本,2018,第42
1827,2,大分,2018,第42
1828,3,横浜FC,2018,第42
1829,4,町田,2018,第42
1830,5,大宮,2018,第42
1831,6,東京Ｖ,2018,第42
1832,7,福岡,2018,第42
1833,8,山口,2018,第42
1834,9,甲府,2018,第42
1835,10,水戸,2018,第42
1836,11,徳島,2018,第42
1837,12,山形,2018,第42
1838,13,金沢,2018,第42
1839,14,千葉,2018,第42
1840,15,岡山,2018,第42
1841,16,新潟,2018,第42
1842,17,栃木,2018,第42
1843,18,愛媛,2018,第42
1844,19,京都,2018,第42
1845,20,岐阜,2018,第42
1846,21,熊本,2018,第42
1847,22,讃岐,2018,第42
1848,1,琉球,2019,第1
1849,2,岐阜,2019,第1
1850,3,鹿児島,2019,第1
1851,4,柏,2019,第1
1852,5,水戸,2019,第1
1853,5,町田,2019,第1
1854,5,長崎,2019,第1
1855,8,栃木,2019,第1
1856,8,大宮,2019,第1
1857,8,千葉,2019,第1
1858,8,甲府,2019,第1
1859,8,新潟,2019,第1
1860,8,金沢,2019,第1
1861,8,京都,2019,第1
1862,8,愛媛,2019,第1
1863,16,徳島,2019,第1
1864,17,山口,2019,第1
1865,18,東京Ｖ,2019,第1
1866,18,横浜FC,2019,第1
1867,18,岡山,2019,第1
1868,21,福岡,2019,第1
1869,22,山形,2019,第1
1870,1,水戸,2019,第2
1871,2,琉球,2019,第2
1872,3,柏,2019,第2
1873,4,甲府,2019,第2
1874,5,新潟,2019,第2
1875,6,京都,2019,第2
1876,7,愛媛,2019,第2
1877,7,長崎,2019,第2
1878,9,岐阜,2019,第2
1879,10,鹿児島,2019,第2
1880,11,徳島,2019,第2
1881,12,山形,2019,第2
1882,12,岡山,2019,第2
1883,14,町田,2019,第2
1884,15,大宮,2019,第2
1885,16,金沢,2019,第2
1886,17,福岡,2019,第2
1887,18,千葉,2019,第2
1888,19,栃木,2019,第2
1889,20,東京Ｖ,2019,第2
1890,21,横浜FC,2019,第2
1891,22,山口,2019,第2
1892,1,琉球,2019,第3
1893,2,水戸,2019,第3
1894,3,柏,2019,第3
1895,4,甲府,2019,第3
1896,5,京都,2019,第3
1897,6,山形,2019,第3
1898,7,岐阜,2019,第3
1899,8,新潟,2019,第3
1900,9,大宮,2019,第3
1901,10,長崎,2019,第3
1902,11,愛媛,2019,第3
1903,12,山口,2019,第3
1904,13,鹿児島,2019,第3
1905,14,徳島,2019,第3
1906,15,岡山,2019,第3
1907,16,東京Ｖ,2019,第3
1908,17,横浜FC,2019,第3
1909,18,町田,2019,第3
1910,19,金沢,2019,第3
1911,20,福岡,2019,第3
1912,21,栃木,2019,第3
1913,22,千葉,2019,第3
1914,1,琉球,2019,第4
1915,2,柏,2019,第4
1916,3,甲府,2019,第4
1917,4,水戸,2019,第4
1918,5,山形,2019,第4
1919,6,新潟,2019,第4
1920,7,岐阜,2019,第4
1921,8,京都,2019,第4
1922,9,愛媛,2019,第4
1923,10,岡山,2019,第4
1924,11,金沢,2019,第4
1925,12,鹿児島,2019,第4
1926,13,大宮,2019,第4
1927,14,長崎,2019,第4
1928,15,栃木,2019,第4
1929,16,山口,2019,第4
1930,17,徳島,2019,第4
1931,18,東京Ｖ,2019,第4
1932,19,横浜FC,2019,第4
1933,20,町田,2019,第4
1934,21,千葉,2019,第4
1935,22,福岡,2019,第4
1936,1,琉球,2019,第5
1937,2,柏,2019,第5
1938,3,甲府,2019,第5
1939,4,水戸,2019,第5
1940,5,山形,2019,第5
1941,6,岡山,2019,第5
1942,7,京都,2019,第5
1943,8,新潟,2019,第5
1944,9,岐阜,2019,第5
1945,10,愛媛,2019,第5
1946,11,長崎,2019,第5
1947,12,栃木,2019,第5
1948,13,横浜FC,2019,第5
1949,14,町田,2019,第5
1950,15,金沢,2019,第5
1951,16,大宮,2019,第5
1952,17,徳島,2019,第5
1953,18,東京Ｖ,2019,第5
1954,18,鹿児島,2019,第5
1955,20,福岡,2019,第5
1956,21,山口,2019,第5
1957,22,千葉,2019,第5
1958,1,琉球,2019,第6
1959,2,水戸,2019,第6
1960,3,甲府,2019,第6
1961,4,柏,2019,第6
1962,5,山形,2019,第6
1963,6,岡山,2019,第6
1964,7,京都,2019,第6
1965,8,町田,2019,第6
1966,9,金沢,2019,第6
1967,10,大宮,2019,第6
1968,11,岐阜,2019,第6
1969,12,栃木,2019,第6
1970,13,新潟,2019,第6
1971,14,東京Ｖ,2019,第6
1972,15,徳島,2019,第6
1973,16,愛媛,2019,第6
1974,17,長崎,2019,第6
1975,18,横浜FC,2019,第6
1976,19,千葉,2019,第6
1977,20,山口,2019,第6
1978,21,鹿児島,2019,第6
1979,22,福岡,2019,第6
1980,1,甲府,2019,第7
1981,2,水戸,2019,第7
1982,3,柏,2019,第7
1983,4,琉球,2019,第7
1984,5,山形,2019,第7
1985,6,金沢,2019,第7
1986,7,大宮,2019,第7
1987,8,新潟,2019,第7
1988,9,徳島,2019,第7
1989,10,岡山,2019,第7
1990,11,京都,2019,第7
1991,12,横浜FC,2019,第7
1992,13,千葉,2019,第7
1993,14,町田,2019,第7
1994,15,東京Ｖ,2019,第7
1995,16,岐阜,2019,第7
1996,17,栃木,2019,第7
1997,18,福岡,2019,第7
1998,19,愛媛,2019,第7
1999,20,長崎,2019,第7
2000,21,山口,2019,第7
2001,22,鹿児島,2019,第7
2002,1,山形,2019,第8
2003,2,甲府,2019,第8
2004,3,水戸,2019,第8
2005,4,柏,2019,第8
2006,5,琉球,2019,第8
2007,6,金沢,2019,第8
2008,7,大宮,2019,第8
2009,8,京都,2019,第8
2010,9,新潟,2019,第8
2011,10,岡山,2019,第8
2012,11,徳島,2019,第8
2013,12,横浜FC,2019,第8
2014,13,愛媛,2019,第8
2015,14,町田,2019,第8
2016,15,千葉,2019,第8
2017,16,東京Ｖ,2019,第8
2018,17,福岡,2019,第8
2019,18,栃木,2019,第8
2020,19,岐阜,2019,第8
2021,20,長崎,2019,第8
2022,21,山口,2019,第8
2023,22,鹿児島,2019,第8
2024,1,水戸,2019,第9
2025,2,山形,2019,第9
2026,3,大宮,2019,第9
2027,4,柏,2019,第9
2028,5,甲府,2019,第9
2029,6,琉球,2019,第9
2030,7,京都,2019,第9
2031,8,金沢,2019,第9
2032,9,町田,2019,第9
2033,10,新潟,2019,第9
2034,11,岡山,2019,第9
2035,11,徳島,2019,第9
2036,13,長崎,2019,第9
2037,14,愛媛,2019,第9
2038,15,横浜FC,2019,第9
2039,16,千葉,2019,第9
2040,17,東京Ｖ,2019,第9
2041,18,栃木,2019,第9
2042,19,山口,2019,第9
2043,20,福岡,2019,第9
2044,21,岐阜,2019,第9
2045,22,鹿児島,2019,第9
2046,1,水戸,2019,第10
2047,2,大宮,2019,第10
2048,3,甲府,2019,第10
2049,4,山形,2019,第10
2050,5,柏,2019,第10
2051,6,琉球,2019,第10
2052,7,金沢,2019,第10
2053,8,岡山,2019,第10
2054,9,京都,2019,第10
2055,10,長崎,2019,第10
2056,11,新潟,2019,第10
2057,12,横浜FC,2019,第10
2058,13,町田,2019,第10
2059,14,徳島,2019,第10
2060,15,山口,2019,第10
2061,16,愛媛,2019,第10
2062,17,福岡,2019,第10
2063,18,東京Ｖ,2019,第10
2064,19,千葉,2019,第10
2065,20,栃木,2019,第10
2066,21,岐阜,2019,第10
2067,22,鹿児島,2019,第10
2068,1,水戸,2019,第11
2069,2,山形,2019,第11
2070,3,大宮,2019,第11
2071,4,甲府,2019,第11
2072,5,柏,2019,第11
2073,6,金沢,2019,第11
2074,7,琉球,2019,第11
2075,8,岡山,2019,第11
2076,9,京都,2019,第11
2077,10,長崎,2019,第11
2078,11,新潟,2019,第11
2079,12,横浜FC,2019,第11
2080,13,町田,2019,第11
2081,14,徳島,2019,第11
2082,15,愛媛,2019,第11
2083,16,東京Ｖ,2019,第11
2084,17,山口,2019,第11
2085,18,福岡,2019,第11
2086,19,千葉,2019,第11
2087,20,栃木,2019,第11
2088,21,岐阜,2019,第11
2089,22,鹿児島,2019,第11
2090,1,水戸,2019,第12
2091,2,山形,2019,第12
2092,3,大宮,2019,第12
2093,4,甲府,2019,第12
2094,5,金沢,2019,第12
2095,6,京都,2019,第12
2096,7,柏,2019,第12
2097,8,新潟,2019,第12
2098,9,琉球,2019,第12
2099,10,徳島,2019,第12
2100,11,岡山,2019,第12
2101,12,長崎,2019,第12
2102,13,東京Ｖ,2019,第12
2103,14,横浜FC,2019,第12
2104,15,千葉,2019,第12
2105,16,町田,2019,第12
2106,17,愛媛,2019,第12
2107,18,福岡,2019,第12
2108,19,岐阜,2019,第12
2109,20,山口,2019,第12
2110,21,鹿児島,2019,第12
2111,22,栃木,2019,第12
2112,1,山形,2019,第13
2113,2,水戸,2019,第13
2114,3,大宮,2019,第13
2115,4,金沢,2019,第13
2116,5,京都,2019,第13
2117,6,柏,2019,第13
2118,7,甲府,2019,第13
2119,8,琉球,2019,第13
2120,9,長崎,2019,第13
2121,10,新潟,2019,第13
2122,11,東京Ｖ,2019,第13
2123,12,岡山,2019,第13
2124,12,徳島,2019,第13
2125,14,横浜FC,2019,第13
2126,15,町田,2019,第13
2127,16,鹿児島,2019,第13
2128,17,千葉,2019,第13
2129,18,栃木,2019,第13
2130,19,山口,2019,第13
2131,20,福岡,2019,第13
2132,21,愛媛,2019,第13
2133,22,岐阜,2019,第13
2134,1,山形,2019,第14
2135,2,水戸,2019,第14
2136,3,大宮,2019,第14
2137,4,甲府,2019,第14
2138,5,京都,2019,第14
2139,6,柏,2019,第14
2140,7,金沢,2019,第14
2141,8,長崎,2019,第14
2142,9,琉球,2019,第14
2143,10,東京Ｖ,2019,第14
2144,11,岡山,2019,第14
2145,12,横浜FC,2019,第14
2146,13,新潟,2019,第14
2147,14,徳島,2019,第14
2148,15,千葉,2019,第14
2149,16,町田,2019,第14
2150,17,愛媛,2019,第14
2151,18,鹿児島,2019,第14
2152,19,栃木,2019,第14
2153,20,山口,2019,第14
2154,21,福岡,2019,第14
2155,22,岐阜,2019,第14
2156,1,水戸,2019,第15
2157,2,山形,2019,第15
2158,3,大宮,2019,第15
2159,4,甲府,2019,第15
2160,5,京都,2019,第15
2161,6,柏,2019,第15
2162,7,長崎,2019,第15
2163,8,金沢,2019,第15
2164,9,琉球,2019,第15
2165,10,東京Ｖ,2019,第15
2166,11,岡山,2019,第15
2167,12,町田,2019,第15
2168,13,横浜FC,2019,第15
2169,14,千葉,2019,第15
2170,15,新潟,2019,第15
2171,16,徳島,2019,第15
2172,17,愛媛,2019,第15
2173,18,栃木,2019,第15
2174,19,福岡,2019,第15
2175,20,鹿児島,2019,第15
2176,21,山口,2019,第15
2177,22,岐阜,2019,第15
2178,1,山形,2019,第16
2179,2,水戸,2019,第16
2180,3,甲府,2019,第16
2181,4,京都,2019,第16
2182,5,大宮,2019,第16
2183,6,長崎,2019,第16
2184,7,柏,2019,第16
2185,8,金沢,2019,第16
2186,9,琉球,2019,第16
2187,10,岡山,2019,第16
2188,11,東京Ｖ,2019,第16
2189,12,横浜FC,2019,第16
2190,13,町田,2019,第16
2191,14,徳島,2019,第16
2192,15,千葉,2019,第16
2193,16,新潟,2019,第16
2194,17,栃木,2019,第16
2195,18,福岡,2019,第16
2196,19,愛媛,2019,第16
2197,20,山口,2019,第16
2198,21,鹿児島,2019,第16
2199,22,岐阜,2019,第16
2200,1,水戸,2019,第17
2201,2,山形,2019,第17
2202,3,大宮,2019,第17
2203,4,甲府,2019,第17
2204,5,京都,2019,第17
2205,6,長崎,2019,第17
2206,7,柏,2019,第17
2207,8,岡山,2019,第17
2208,9,金沢,2019,第17
2209,10,琉球,2019,第17
2210,11,横浜FC,2019,第17
2211,12,徳島,2019,第17
2212,13,東京Ｖ,2019,第17
2213,14,新潟,2019,第17
2214,15,町田,2019,第17
2215,16,千葉,2019,第17
2216,17,愛媛,2019,第17
2217,18,鹿児島,2019,第17
2218,19,栃木,2019,第17
2219,20,山口,2019,第17
2220,21,福岡,2019,第17
2221,22,岐阜,2019,第17
2222,1,山形,2019,第18
2223,2,大宮,2019,第18
2224,3,水戸,2019,第18
2225,4,甲府,2019,第18
2226,5,京都,2019,第18
2227,6,長崎,2019,第18
2228,7,柏,2019,第18
2229,8,岡山,2019,第18
2230,9,金沢,2019,第18
2231,10,琉球,2019,第18
2232,11,徳島,2019,第18
2233,12,東京Ｖ,2019,第18
2234,13,新潟,2019,第18
2235,14,横浜FC,2019,第18
2236,15,千葉,2019,第18
2237,16,町田,2019,第18
2238,17,愛媛,2019,第18
2239,18,鹿児島,2019,第18
2240,19,山口,2019,第18
2241,20,栃木,2019,第18
2242,21,福岡,2019,第18
2243,22,岐阜,2019,第18
2244,1,山形,2019,第19
2245,2,大宮,2019,第19
2246,3,水戸,2019,第19
2247,4,甲府,2019,第19
2248,5,京都,2019,第19
2249,6,柏,2019,第19
2250,7,金沢,2019,第19
2251,8,長崎,2019,第19
2252,9,岡山,2019,第19
2253,10,徳島,2019,第19
2254,11,琉球,2019,第19
2255,12,東京Ｖ,2019,第19
2256,13,新潟,2019,第19
2257,14,横浜FC,2019,第19
2258,15,千葉,2019,第19
2259,16,町田,2019,第19
2260,17,山口,2019,第19
2261,18,鹿児島,2019,第19
2262,19,愛媛,2019,第19
2263,20,栃木,2019,第19
2264,21,福岡,2019,第19
2265,22,岐阜,2019,第19
2266,1,山形,2019,第20
2267,2,大宮,2019,第20
2268,3,水戸,2019,第20
2269,4,京都,2019,第20
2270,5,柏,2019,第20
2271,6,甲府,2019,第20
2272,7,長崎,2019,第20
2273,8,金沢,2019,第20
2274,9,徳島,2019,第20
2275,10,東京Ｖ,2019,第20
2276,11,岡山,2019,第20
2277,12,新潟,2019,第20
2278,13,横浜FC,2019,第20
2279,14,琉球,2019,第20
2280,15,町田,2019,第20
2281,16,山口,2019,第20
2282,17,愛媛,2019,第20
2283,18,千葉,2019,第20
2284,19,鹿児島,2019,第20
2285,20,栃木,2019,第20
2286,21,福岡,2019,第20
2287,22,岐阜,2019,第20
2288,1,山形,2019,第21
2289,2,京都,2019,第21
2290,3,柏,2019,第21
2291,4,水戸,2019,第21
2292,5,大宮,2019,第21
2293,6,甲府,2019,第21
2294,7,金沢,2019,第21
2295,8,長崎,2019,第21
2296,9,徳島,2019,第21
2297,10,岡山,2019,第21
2298,11,新潟,2019,第21
2299,12,横浜FC,2019,第21
2300,13,琉球,2019,第21
2301,14,東京Ｖ,2019,第21
2302,15,山口,2019,第21
2303,16,町田,2019,第21
2304,17,愛媛,2019,第21
2305,18,千葉,2019,第21
2306,19,鹿児島,2019,第21
2307,20,栃木,2019,第21
2308,21,福岡,2019,第21
2309,22,岐阜,2019,第21
2310,1,京都,2019,第22
2311,2,山形,2019,第22
2312,3,柏,2019,第22
2313,4,大宮,2019,第22
2314,5,水戸,2019,第22
2315,6,甲府,2019,第22
2316,7,岡山,2019,第22
2317,8,金沢,2019,第22
2318,9,横浜FC,2019,第22
2319,10,長崎,2019,第22
2320,11,徳島,2019,第22
2321,12,新潟,2019,第22
2322,13,東京Ｖ,2019,第22
2323,14,琉球,2019,第22
2324,15,山口,2019,第22
2325,16,町田,2019,第22
2326,17,千葉,2019,第22
2327,18,愛媛,2019,第22
2328,19,福岡,2019,第22
2329,20,鹿児島,2019,第22
2330,21,栃木,2019,第22
2331,22,岐阜,2019,第22
2332,1,京都,2019,第23
2333,2,柏,2019,第23
2334,3,水戸,2019,第23
2335,4,山形,2019,第23
2336,5,大宮,2019,第23
2337,6,岡山,2019,第23
2338,7,甲府,2019,第23
2339,8,横浜FC,2019,第23
2340,9,長崎,2019,第23
2341,10,徳島,2019,第23
2342,11,金沢,2019,第23
2343,12,東京Ｖ,2019,第23
2344,13,新潟,2019,第23
2345,14,琉球,2019,第23
2346,15,山口,2019,第23
2347,16,千葉,2019,第23
2348,17,町田,2019,第23
2349,18,愛媛,2019,第23
2350,19,鹿児島,2019,第23
2351,20,栃木,2019,第23
2352,21,福岡,2019,第23
2353,22,岐阜,2019,第23
2354,1,京都,2019,第24
2355,2,柏,2019,第24
2356,3,水戸,2019,第24
2357,4,山形,2019,第24
2358,5,大宮,2019,第24
2359,6,岡山,2019,第24
2360,7,横浜FC,2019,第24
2361,8,長崎,2019,第24
2362,9,甲府,2019,第24
2363,10,金沢,2019,第24
2364,11,東京Ｖ,2019,第24
2365,12,徳島,2019,第24
2366,13,新潟,2019,第24
2367,14,琉球,2019,第24
2368,15,山口,2019,第24
2369,16,千葉,2019,第24
2370,17,町田,2019,第24
2371,18,愛媛,2019,第24
2372,19,福岡,2019,第24
2373,20,鹿児島,2019,第24
2374,21,栃木,2019,第24
2375,22,岐阜,2019,第24
2376,1,柏,2019,第25
2377,2,京都,2019,第25
2378,3,水戸,2019,第25
2379,4,大宮,2019,第25
2380,5,山形,2019,第25
2381,6,横浜FC,2019,第25
2382,7,岡山,2019,第25
2383,8,甲府,2019,第25
2384,9,徳島,2019,第25
2385,10,長崎,2019,第25
2386,11,金沢,2019,第25
2387,12,東京Ｖ,2019,第25
2388,13,新潟,2019,第25
2389,14,千葉,2019,第25
2390,15,琉球,2019,第25
2391,16,山口,2019,第25
2392,17,愛媛,2019,第25
2393,18,町田,2019,第25
2394,19,福岡,2019,第25
2395,20,栃木,2019,第25
2396,21,鹿児島,2019,第25
2397,22,岐阜,2019,第25
2398,1,柏,2019,第26
2399,2,京都,2019,第26
2400,3,大宮,2019,第26
2401,4,横浜FC,2019,第26
2402,5,水戸,2019,第26
2403,6,山形,2019,第26
2404,7,甲府,2019,第26
2405,8,岡山,2019,第26
2406,9,新潟,2019,第26
2407,10,金沢,2019,第26
2408,11,徳島,2019,第26
2409,12,長崎,2019,第26
2410,13,東京Ｖ,2019,第26
2411,14,山口,2019,第26
2412,15,千葉,2019,第26
2413,16,愛媛,2019,第26
2414,17,琉球,2019,第26
2415,18,町田,2019,第26
2416,19,福岡,2019,第26
2417,20,鹿児島,2019,第26
2418,21,栃木,2019,第26
2419,22,岐阜,2019,第26
2420,1,柏,2019,第27
2421,2,京都,2019,第27
2422,3,大宮,2019,第27
2423,4,山形,2019,第27
2424,5,横浜FC,2019,第27
2425,6,水戸,2019,第27
2426,7,甲府,2019,第27
2427,8,金沢,2019,第27
2428,9,岡山,2019,第27
2429,10,新潟,2019,第27
2430,11,長崎,2019,第27
2431,12,徳島,2019,第27
2432,13,東京Ｖ,2019,第27
2433,14,愛媛,2019,第27
2434,15,琉球,2019,第27
2435,16,山口,2019,第27
2436,17,千葉,2019,第27
2437,18,福岡,2019,第27
2438,19,町田,2019,第27
2439,20,鹿児島,2019,第27
2440,21,栃木,2019,第27
2441,22,岐阜,2019,第27
2442,1,柏,2019,第28
2443,2,大宮,2019,第28
2444,3,京都,2019,第28
2445,4,横浜FC,2019,第28
2446,5,水戸,2019,第28
2447,6,山形,2019,第28
2448,7,甲府,2019,第28
2449,8,金沢,2019,第28
2450,9,岡山,2019,第28
2451,10,徳島,2019,第28
2452,11,東京Ｖ,2019,第28
2453,12,新潟,2019,第28
2454,13,長崎,2019,第28
2455,14,山口,2019,第28
2456,15,愛媛,2019,第28
2457,16,琉球,2019,第28
2458,17,千葉,2019,第28
2459,18,鹿児島,2019,第28
2460,19,福岡,2019,第28
2461,20,町田,2019,第28
2462,21,栃木,2019,第28
2463,22,岐阜,2019,第28
2464,1,柏,2019,第29
2465,2,京都,2019,第29
2466,3,大宮,2019,第29
2467,4,横浜FC,2019,第29
2468,5,山形,2019,第29
2469,6,水戸,2019,第29
2470,7,甲府,2019,第29
2471,8,金沢,2019,第29
2472,9,徳島,2019,第29
2473,10,岡山,2019,第29
2474,11,東京Ｖ,2019,第29
2475,12,長崎,2019,第29
2476,13,新潟,2019,第29
2477,14,愛媛,2019,第29
2478,15,山口,2019,第29
2479,16,琉球,2019,第29
2480,17,千葉,2019,第29
2481,18,町田,2019,第29
2482,19,福岡,2019,第29
2483,20,鹿児島,2019,第29
2484,21,栃木,2019,第29
2485,22,岐阜,2019,第29
2486,1,柏,2019,第30
2487,2,横浜FC,2019,第30
2488,3,京都,2019,第30
2489,4,大宮,2019,第30
2490,5,水戸,2019,第30
2491,6,山形,2019,第30
2492,7,甲府,2019,第30
2493,8,金沢,2019,第30
2494,9,徳島,2019,第30
2495,10,岡山,2019,第30
2496,11,長崎,2019,第30
2497,12,東京Ｖ,2019,第30
2498,13,新潟,2019,第30
2499,14,愛媛,2019,第30
2500,15,山口,2019,第30
2501,16,千葉,2019,第30
2502,17,福岡,2019,第30
2503,18,町田,2019,第30
2504,19,琉球,2019,第30
2505,20,鹿児島,2019,第30
2506,21,栃木,2019,第30
2507,22,岐阜,2019,第30
2508,1,柏,2019,第31
2509,2,横浜FC,2019,第31
2510,3,水戸,2019,第31
2511,4,山形,2019,第31
2512,5,大宮,2019,第31
2513,6,京都,2019,第31
2514,7,甲府,2019,第31
2515,8,徳島,2019,第31
2516,9,岡山,2019,第31
2517,10,金沢,2019,第31
2518,11,長崎,2019,第31
2519,12,東京Ｖ,2019,第31
2520,13,新潟,2019,第31
2521,14,愛媛,2019,第31
2522,15,琉球,2019,第31
2523,16,山口,2019,第31
2524,17,町田,2019,第31
2525,18,千葉,2019,第31
2526,19,福岡,2019,第31
2527,20,鹿児島,2019,第31
2528,21,栃木,2019,第31
2529,22,岐阜,2019,第31
2530,1,柏,2019,第32
2531,2,山形,2019,第32
2532,3,横浜FC,2019,第32
2533,4,京都,2019,第32
2534,5,水戸,2019,第32
2535,6,大宮,2019,第32
2536,7,岡山,2019,第32
2537,8,甲府,2019,第32
2538,9,徳島,2019,第32
2539,10,金沢,2019,第32
2540,11,長崎,2019,第32
2541,12,東京Ｖ,2019,第32
2542,13,新潟,2019,第32
2543,14,山口,2019,第32
2544,15,愛媛,2019,第32
2545,16,琉球,2019,第32
2546,17,千葉,2019,第32
2547,18,福岡,2019,第32
2548,19,町田,2019,第32
2549,20,鹿児島,2019,第32
2550,21,栃木,2019,第32
2551,22,岐阜,2019,第32
2552,1,柏,2019,第33
2553,2,山形,2019,第33
2554,3,横浜FC,2019,第33
2555,4,水戸,2019,第33
2556,5,大宮,2019,第33
2557,6,京都,2019,第33
2558,7,岡山,2019,第33
2559,8,甲府,2019,第33
2560,9,徳島,2019,第33
2561,10,金沢,2019,第33
2562,11,長崎,2019,第33
2563,12,東京Ｖ,2019,第33
2564,13,新潟,2019,第33
2565,14,山口,2019,第33
2566,15,琉球,2019,第33
2567,16,愛媛,2019,第33
2568,17,千葉,2019,第33
2569,18,福岡,2019,第33
2570,19,町田,2019,第33
2571,20,鹿児島,2019,第33
2572,21,栃木,2019,第33
2573,22,岐阜,2019,第33
2574,1,柏,2019,第34
2575,2,大宮,2019,第34
2576,3,横浜FC,2019,第34
2577,4,山形,2019,第34
2578,5,京都,2019,第34
2579,6,水戸,2019,第34
2580,7,甲府,2019,第34
2581,8,徳島,2019,第34
2582,9,岡山,2019,第34
2583,10,金沢,2019,第34
2584,11,長崎,2019,第34
2585,12,新潟,2019,第34
2586,13,東京Ｖ,2019,第34
2587,14,山口,2019,第34
2588,15,愛媛,2019,第34
2589,16,琉球,2019,第34
2590,17,千葉,2019,第34
2591,18,福岡,2019,第34
2592,19,町田,2019,第34
2593,20,鹿児島,2019,第34
2594,21,栃木,2019,第34
2595,22,岐阜,2019,第34
2596,1,柏,2019,第35
2597,2,大宮,2019,第35
2598,3,横浜FC,2019,第35
2599,4,山形,2019,第35
2600,5,京都,2019,第35
2601,6,甲府,2019,第35
2602,7,水戸,2019,第35
2603,8,岡山,2019,第35
2604,9,徳島,2019,第35
2605,10,長崎,2019,第35
2606,11,金沢,2019,第35
2607,12,新潟,2019,第35
2608,13,東京Ｖ,2019,第35
2609,14,山口,2019,第35
2610,15,琉球,2019,第35
2611,16,愛媛,2019,第35
2612,17,千葉,2019,第35
2613,18,福岡,2019,第35
2614,19,町田,2019,第35
2615,20,鹿児島,2019,第35
2616,21,栃木,2019,第35
2617,22,岐阜,2019,第35
2618,1,柏,2019,第36
2619,2,横浜FC,2019,第36
2620,3,山形,2019,第36
2621,4,大宮,2019,第36
2622,5,水戸,2019,第36
2623,6,京都,2019,第36
2624,7,甲府,2019,第36
2625,8,徳島,2019,第36
2626,9,岡山,2019,第36
2627,10,長崎,2019,第36
2628,11,新潟,2019,第36
2629,12,金沢,2019,第36
2630,13,東京Ｖ,2019,第36
2631,14,山口,2019,第36
2632,15,琉球,2019,第36
2633,16,愛媛,2019,第36
2634,17,千葉,2019,第36
2635,18,福岡,2019,第36
2636,19,町田,2019,第36
2637,20,鹿児島,2019,第36
2638,21,栃木,2019,第36
2639,22,岐阜,2019,第36
2640,1,柏,2019,第37
2641,2,山形,2019,第37
2642,3,横浜FC,2019,第37
2643,4,大宮,2019,第37
2644,5,京都,2019,第37
2645,6,水戸,2019,第37
2646,7,徳島,2019,第37
2647,8,岡山,2019,第37
2648,9,甲府,2019,第37
2649,10,金沢,2019,第37
2650,11,長崎,2019,第37
2651,12,新潟,2019,第37
2652,13,東京Ｖ,2019,第37
2653,14,山口,2019,第37
2654,15,琉球,2019,第37
2655,16,愛媛,2019,第37
2656,17,千葉,2019,第37
2657,18,福岡,2019,第37
2658,19,町田,2019,第37
2659,20,鹿児島,2019,第37
2660,21,栃木,2019,第37
2661,22,岐阜,2019,第37
2662,1,柏,2019,第38
2663,2,山形,2019,第38
2664,3,横浜FC,2019,第38
2665,4,大宮,2019,第38
2666,5,徳島,2019,第38
2667,6,岡山,2019,第38
2668,7,京都,2019,第38
2669,8,水戸,2019,第38
2670,9,甲府,2019,第38
2671,10,金沢,2019,第38
2672,11,新潟,2019,第38
2673,12,長崎,2019,第38
2674,13,東京Ｖ,2019,第38
2675,14,山口,2019,第38
2676,15,琉球,2019,第38
2677,16,愛媛,2019,第38
2678,17,千葉,2019,第38
2679,18,福岡,2019,第38
2680,19,町田,2019,第38
2681,20,鹿児島,2019,第38
2682,21,栃木,2019,第38
2683,22,岐阜,2019,第38
2684,1,柏,2019,第39
2685,2,横浜FC,2019,第39
2686,3,大宮,2019,第39
2687,4,山形,2019,第39
2688,5,徳島,2019,第39
2689,6,水戸,2019,第39
2690,7,岡山,2019,第39
2691,8,甲府,2019,第39
2692,9,京都,2019,第39
2693,10,金沢,2019,第39
2694,11,新潟,2019,第39
2695,12,長崎,2019,第39
2696,13,東京Ｖ,2019,第39
2697,14,山口,2019,第39
2698,15,琉球,2019,第39
2699,16,愛媛,2019,第39
2700,17,千葉,2019,第39
2701,18,福岡,2019,第39
2702,19,町田,2019,第39
2703,20,鹿児島,2019,第39
2704,21,栃木,2019,第39
2705,22,岐阜,2019,第39
2706,1,柏,2019,第40
2707,2,横浜FC,2019,第40
2708,3,大宮,2019,第40
2709,4,山形,2019,第40
2710,4,水戸,2019,第40
2711,6,徳島,2019,第40
2712,7,甲府,2019,第40
2713,8,京都,2019,第40
2714,9,岡山,2019,第40
2715,10,新潟,2019,第40
2716,11,金沢,2019,第40
2717,12,長崎,2019,第40
2718,13,東京Ｖ,2019,第40
2719,14,山口,2019,第40
2720,15,琉球,2019,第40
2721,16,千葉,2019,第40
2722,17,愛媛,2019,第40
2723,18,福岡,2019,第40
2724,19,町田,2019,第40
2725,20,鹿児島,2019,第40
2726,21,栃木,2019,第40
2727,22,岐阜,2019,第40
2728,1,柏,2019,第41
2729,2,横浜FC,2019,第41
2730,3,大宮,2019,第41
2731,4,山形,2019,第41
2732,5,徳島,2019,第41
2733,6,甲府,2019,第41
2734,7,京都,2019,第41
2735,8,水戸,2019,第41
2736,9,岡山,2019,第41
2737,10,金沢,2019,第41
2738,11,新潟,2019,第41
2739,12,長崎,2019,第41
2740,13,東京Ｖ,2019,第41
2741,14,琉球,2019,第41
2742,15,山口,2019,第41
2743,16,千葉,2019,第41
2744,17,愛媛,2019,第41
2745,18,福岡,2019,第41
2746,19,町田,2019,第41
2747,20,鹿児島,2019,第41
2748,21,栃木,2019,第41
2749,22,岐阜,2019,第41
2750,1,柏,2019,第42
2751,2,横浜FC,2019,第42
2752,3,大宮,2019,第42
2753,4,徳島,2019,第42
2754,5,甲府,2019,第42
2755,6,山形,2019,第42
2756,7,水戸,2019,第42
2757,8,京都,2019,第42
2758,9,岡山,2019,第42
2759,10,新潟,2019,第42
2760,11,金沢,2019,第42
2761,12,長崎,2019,第42
2762,13,東京Ｖ,2019,第42
2763,14,琉球,2019,第42
2764,15,山口,2019,第42
2765,16,福岡,2019,第42
2766,17,千葉,2019,第42
2767,18,町田,2019,第42
2768,19,愛媛,2019,第42
2769,20,栃木,2019,第42
2770,21,鹿児島,2019,第42
2771,22,岐阜,2019,第42
